{"minMcX":0,"maxMcX":2479,"minMcZ":0,"maxMcZ":1603,"minGeoLat":50.894453,"maxGeoLat":50.908878,"minGeoLon":15.717273,"maxGeoLon":15.752635}